algorithm,memory_kb,params,phi,total_weight,threshold,hh_count,true_hh_count,tp,fp,fn,precision_pct,recall_pct,mean_rel_error_pct,max_rel_error_pct,runtime_s,throughput_rows_s
CMS,128,w=3276;d=5;eps=8.30e-04,1.0e-04,44367267,4437,9744815,158,158,9744657,0,0.0,100.0,68.14,153.18,45.03,241994
CMS,256,w=6553;d=5;eps=4.15e-04,1.0e-04,44367267,4437,1780,158,158,1622,0,8.9,100.0,33.38,74.86,42.65,255485
CMS,512,w=13107;d=5;eps=2.07e-04,1.0e-04,44367267,4437,262,158,158,104,0,60.3,100.0,15.67,36.19,38.54,282794
CMS,1024,w=26214;d=5;eps=1.04e-04,1.0e-04,44367267,4437,213,158,158,55,0,74.2,100.0,7.47,19.70,39.63,275008
CMS,2048,w=52428;d=5;eps=5.18e-05,1.0e-04,44367267,4437,169,158,158,11,0,93.5,100.0,3.40,8.66,41.37,263440
CMS,4096,w=104857;d=5;eps=2.59e-05,1.0e-04,44367267,4437,162,158,158,4,0,97.5,100.0,1.56,5.58,42.77,254810
CMS,8192,w=209715;d=5;eps=1.30e-05,1.0e-04,44367267,4437,159,158,158,1,0,99.4,100.0,0.71,1.72,44.17,246728
FastAMS,128,t=7;s=2340;eps2=6.84e-03,1.0e-04,44367267,4437,291,158,155,136,3,53.3,98.1,3.83,59.77,59.29,183796
FastAMS,256,t=7;s=4681;eps2=3.42e-03,1.0e-04,44367267,4437,167,158,156,11,2,93.4,98.7,1.94,10.55,65.08,167455
FastAMS,512,t=7;s=9362;eps2=1.71e-03,1.0e-04,44367267,4437,160,158,158,2,0,98.8,100.0,1.15,8.10,56.46,193012
FastAMS,1024,t=7;s=18724;eps2=8.55e-04,1.0e-04,44367267,4437,159,158,158,1,0,99.4,100.0,0.70,4.73,55.22,197361
FastAMS,2048,t=7;s=37449;eps2=4.27e-04,1.0e-04,44367267,4437,158,158,158,0,0,100.0,100.0,0.43,4.74,58.04,187755
FastAMS,4096,t=7;s=74898;eps2=2.14e-04,1.0e-04,44367267,4437,158,158,158,0,0,100.0,100.0,0.22,1.77,63.56,171460
FastAMS,8192,t=7;s=149796;eps2=1.07e-04,1.0e-04,44367267,4437,158,158,158,0,0,100.0,100.0,0.15,0.82,68.38,159362
MG,128,capacity=1024;eps=9.76e-04,1.0e-04,44367267,1,771,158,75,696,83,9.7,47.5,38.40,99.96,33.17,328524
MG,256,capacity=2048;eps=4.88e-04,1.0e-04,44367267,1,1690,158,121,1569,37,7.2,76.6,40.29,96.95,27.91,390520
MG,512,capacity=4096;eps=2.44e-04,1.0e-04,44367267,1,2905,158,156,2749,2,5.4,98.7,30.81,94.23,28.29,385165
MG,1024,capacity=8192;eps=1.22e-04,1.0e-04,44367267,1,6126,158,158,5968,0,2.6,100.0,15.72,52.66,28.85,377703
MG,2048,capacity=16384;eps=6.10e-05,1.0e-04,44367267,1729,287,158,158,129,0,55.1,100.0,7.59,25.39,30.28,359878
MG,4096,capacity=32768;eps=3.05e-05,1.0e-04,44367267,3083,226,158,158,68,0,69.9,100.0,3.67,12.25,30.77,354217
MG,8192,capacity=65536;eps=1.53e-05,1.0e-04,44367267,3760,173,158,158,15,0,91.3,100.0,1.75,5.84,30.95,352145
SS,128,capacity=963;eps=1.04e-03,1.0e-04,44367267,4437,963,158,72,891,86,7.5,45.6,137.69,568.36,64.04,170161
SS,256,capacity=1927;eps=5.19e-04,1.0e-04,44367267,4437,1927,158,116,1811,42,6.0,73.4,69.25,278.79,61.99,175805
SS,512,capacity=3855;eps=2.59e-04,1.0e-04,44367267,4437,3855,158,155,3700,3,4.0,98.1,34.75,136.56,72.98,149328
SS,1024,capacity=7710;eps=1.30e-04,1.0e-04,44367267,4437,272,158,158,114,0,58.1,100.0,16.68,66.89,75.59,144164
SS,2048,capacity=15420;eps=6.49e-05,1.0e-04,44367267,4437,186,158,158,28,0,84.9,100.0,8.05,32.30,81.88,133096
SS,4096,capacity=30840;eps=3.24e-05,1.0e-04,44367267,4437,170,158,158,12,0,92.9,100.0,3.87,15.58,99.90,109087
SS,8192,capacity=61680;eps=1.62e-05,1.0e-04,44367267,4437,163,158,158,5,0,96.9,100.0,1.85,7.45,100.01,108962
LC,128,capacity=963;eps=1.04e-03,1.0e-04,44367267,1,1071,158,47,1024,111,4.4,29.7,0.00,0.00,33.10,329269
LC,256,capacity=1927;eps=5.19e-04,1.0e-04,44367267,1,1298,158,70,1228,88,5.4,44.3,0.00,0.00,28.94,376619
LC,512,capacity=3855;eps=2.59e-04,1.0e-04,44367267,1,2434,158,114,2320,44,4.7,72.2,0.00,0.00,29.49,369531
LC,1024,capacity=7710;eps=1.30e-04,1.0e-04,44367267,1,6040,158,156,5884,2,2.6,98.7,0.00,0.00,29.73,366560
LC,2048,capacity=15420;eps=6.49e-05,1.0e-04,44367267,1560,484,158,158,326,0,32.6,100.0,0.00,0.00,35.51,306867
LC,4096,capacity=30840;eps=3.24e-05,1.0e-04,44367267,2999,249,158,158,91,0,63.5,100.0,0.00,0.00,39.54,275592
LC,8192,capacity=61680;eps=1.62e-05,1.0e-04,44367267,3718,215,158,158,57,0,73.5,100.0,0.00,0.00,36.93,295093
Reservoir,128,M=1024;seeds=5,1.0e-04,44367267,4437,3053,158,117,2936,41,3.8,74.1,60.79,578.98,36.24,300728
Reservoir,256,M=2048;seeds=5,1.0e-04,44367267,4437,193,158,106,87,52,54.9,67.1,34.96,156.02,32.82,332048
Reservoir,512,M=4096;seeds=5,1.0e-04,44367267,4437,182,158,118,64,40,64.8,74.7,33.71,213.78,32.87,331553
Reservoir,1024,M=8192;seeds=5,1.0e-04,44367267,4437,168,158,133,35,25,79.2,84.2,21.26,110.43,30.47,357705
Reservoir,2048,M=16384;seeds=5,1.0e-04,44367267,4437,178,158,144,34,14,80.9,91.1,14.80,97.12,34.48,316061
Reservoir,4096,M=32768;seeds=5,1.0e-04,44367267,4437,170,158,144,26,14,84.7,91.1,12.17,71.50,36.00,302724
Reservoir,8192,M=65536;seeds=5,1.0e-04,44367267,4437,167,158,151,16,7,90.4,95.6,7.73,38.09,39.65,274828
Concise,128,M=1024;seeds=5,1.0e-04,44367267,4437,1984,158,88,1896,70,4.4,55.7,80.23,472.48,35.55,306574
Concise,256,M=2048;seeds=5,1.0e-04,44367267,4437,4021,158,126,3895,32,3.1,79.7,56.57,327.60,28.73,379280
Concise,512,M=4096;seeds=5,1.0e-04,44367267,4437,267,158,122,145,36,45.7,77.2,32.78,174.38,29.77,366006
Concise,1024,M=8192;seeds=5,1.0e-04,44367267,4437,260,158,140,120,18,53.8,88.6,25.90,151.72,26.26,415000
Concise,2048,M=16384;seeds=5,1.0e-04,44367267,4437,212,158,144,68,14,67.9,91.1,21.84,109.91,30.75,354378
Concise,4096,M=32768;seeds=5,1.0e-04,44367267,4437,172,158,141,31,17,82.0,89.2,13.95,48.57,31.43,346722
Concise,8192,M=65536;seeds=5,1.0e-04,44367267,4437,169,158,149,20,9,88.2,94.3,10.24,43.54,33.36,326682
AMS,128,mode=fast;t=4;s=2458;cmsW=1310;eps2=6.51e-03,1.0e-04,44367267,4437,6583778,158,110,6583668,48,0.0,69.6,1072.22,4139.37,3278.99,2977
AMS,256,mode=fast;t=4;s=4915;cmsW=2621;eps2=3.26e-03,1.0e-04,44367267,4437,6530202,158,117,6530085,41,0.0,74.1,730.04,3167.59,3278.99,2977
AMS,512,mode=fast;t=4;s=8192;cmsW=5242;eps2=1.95e-03,1.0e-04,44367267,4437,3247136,158,118,3247018,40,0.0,74.7,495.30,2601.50,3278.99,2977
AMS,1024,mode=fast;t=4;s=8192;cmsW=10485;eps2=1.95e-03,1.0e-04,44367267,4437,11111,158,118,10993,40,1.1,74.7,495.30,2601.50,3278.99,2977
AMS,2048,mode=fast;t=4;s=8192;cmsW=20971;eps2=1.95e-03,1.0e-04,44367267,4437,8353,158,118,8235,40,1.4,74.7,495.30,2601.50,3278.99,2977
AMS,4096,mode=fast;t=4;s=8192;cmsW=41943;eps2=1.95e-03,1.0e-04,44367267,4437,7924,158,118,7806,40,1.5,74.7,495.30,2601.50,3278.99,2977
AMS,8192,mode=fast;t=4;s=8192;cmsW=83886;eps2=1.95e-03,1.0e-04,44367267,4437,7803,158,118,7685,40,1.5,74.7,495.30,2601.50,3278.99,2977
